{
  "id": "398e7241-1718-c66f-b111-f863207517ee",
  "name": "Boats and Slips",
  "values": [
    {
      "enabled": true,
      "key": "createdUrl",
      "type": "text",
      "value": "/boats/aghkZXZ-Tm9uZXIRCxIEQm9hdBiAgICAgMDvCQw"
    },
    {
      "enabled": true,
      "key": "origName",
      "type": "text",
      "value": "Mr. Bob"
    },
    {
      "enabled": true,
      "key": "origLength",
      "type": "text",
      "value": "24"
    },
    {
      "enabled": true,
      "key": "origType",
      "type": "text",
      "value": "Jet Ski"
    },
    {
      "enabled": true,
      "key": "boatId",
      "type": "text",
      "value": "aghkZXZ-Tm9uZXIRCxIEQm9hdBiAgICAgNjNCgw"
    },
    {
      "enabled": true,
      "key": "boatOrigName",
      "type": "text",
      "value": "Titanic"
    },
    {
      "enabled": true,
      "key": "boatOrigLength",
      "type": "text",
      "value": "24"
    },
    {
      "enabled": true,
      "key": "boatOrigType",
      "type": "text",
      "value": "Jet Ski"
    },
    {
      "enabled": true,
      "key": "slipId",
      "type": "text",
      "value": "aghkZXZ-Tm9uZXIRCxIEU2xpcBiAgICAgNjNCQw"
    },
    {
      "enabled": true,
      "key": "slipNum",
      "type": "text",
      "value": "9"
    },
    {
      "enabled": true,
      "key": "emptySlipId",
      "type": "text",
      "value": "aghkZXZ-Tm9uZXIRCxIEU2xpcBiAgICAgNiNCAw"
    },
    {
      "enabled": true,
      "key": "atSeaBoatId",
      "type": "text",
      "value": "aghkZXZ-Tm9uZXIRCxIEQm9hdBiAgICAgNiNCgw"
    }
  ],
  "timestamp": 1493519676728,
  "_postman_variable_scope": "environment",
  "_postman_exported_at": "2017-04-30T02:44:16.733Z",
  "_postman_exported_using": "Postman/4.10.7"
}